--
-- PostgreSQL database dump
--

-- Dumped from database version 12.9 (Ubuntu 12.9-0ubuntu0.20.04.1)
-- Dumped by pg_dump version 12.9 (Ubuntu 12.9-0ubuntu0.20.04.1)

SET statement_timeout = 0;
SET lock_timeout = 0;
SET idle_in_transaction_session_timeout = 0;
SET client_encoding = 'UTF8';
SET standard_conforming_strings = on;
SELECT pg_catalog.set_config('search_path', '', false);
SET check_function_bodies = false;
SET xmloption = content;
SET client_min_messages = warning;
SET row_security = off;

SET default_tablespace = '';

SET default_table_access_method = heap;

--
-- Name: amigos; Type: TABLE; Schema: public; Owner: admin
--

CREATE TABLE public.amigos (
    id_emisor integer,
    id_receptor integer,
    fecha date
);


ALTER TABLE public.amigos OWNER TO admin;

--
-- Name: biblioteca; Type: TABLE; Schema: public; Owner: admin
--

CREATE TABLE public.biblioteca (
    id_libro bigint NOT NULL,
    id_usuario bigint NOT NULL
);


ALTER TABLE public.biblioteca OWNER TO admin;

--
-- Name: comentarios; Type: TABLE; Schema: public; Owner: admin
--

CREATE TABLE public.comentarios (
    id integer NOT NULL,
    contenido character varying(500),
    fecha_creacion date,
    id_autor integer
);


ALTER TABLE public.comentarios OWNER TO admin;

--
-- Name: comentarios_id_seq; Type: SEQUENCE; Schema: public; Owner: admin
--

CREATE SEQUENCE public.comentarios_id_seq
    AS integer
    START WITH 1
    INCREMENT BY 1
    NO MINVALUE
    NO MAXVALUE
    CACHE 1;


ALTER TABLE public.comentarios_id_seq OWNER TO admin;

--
-- Name: comentarios_id_seq; Type: SEQUENCE OWNED BY; Schema: public; Owner: admin
--

ALTER SEQUENCE public.comentarios_id_seq OWNED BY public.comentarios.id;


--
-- Name: libros; Type: TABLE; Schema: public; Owner: admin
--

CREATE TABLE public.libros (
    id bigint NOT NULL,
    autor character varying(255),
    "año_publicacion" timestamp without time zone,
    nombre character varying(255)
);


ALTER TABLE public.libros OWNER TO admin;

--
-- Name: libros_id_seq; Type: SEQUENCE; Schema: public; Owner: admin
--

CREATE SEQUENCE public.libros_id_seq
    START WITH 1
    INCREMENT BY 1
    NO MINVALUE
    NO MAXVALUE
    CACHE 1;


ALTER TABLE public.libros_id_seq OWNER TO admin;

--
-- Name: libros_id_seq; Type: SEQUENCE OWNED BY; Schema: public; Owner: admin
--

ALTER SEQUENCE public.libros_id_seq OWNED BY public.libros.id;


--
-- Name: posts; Type: TABLE; Schema: public; Owner: admin
--

CREATE TABLE public.posts (
    id integer NOT NULL,
    titulo character varying(250),
    contenido character varying(500),
    fecha_creacion date,
    id_autor integer,
    id_libro integer
);


ALTER TABLE public.posts OWNER TO admin;

--
-- Name: posts_id_seq; Type: SEQUENCE; Schema: public; Owner: admin
--

CREATE SEQUENCE public.posts_id_seq
    AS integer
    START WITH 1
    INCREMENT BY 1
    NO MINVALUE
    NO MAXVALUE
    CACHE 1;


ALTER TABLE public.posts_id_seq OWNER TO admin;

--
-- Name: posts_id_seq; Type: SEQUENCE OWNED BY; Schema: public; Owner: admin
--

ALTER SEQUENCE public.posts_id_seq OWNED BY public.posts.id;


--
-- Name: usuarios; Type: TABLE; Schema: public; Owner: admin
--

CREATE TABLE public.usuarios (
    id bigint NOT NULL,
    apellidos character varying(255),
    email character varying(255),
    nombre character varying(255),
    telefono character varying(255)
);


ALTER TABLE public.usuarios OWNER TO admin;

--
-- Name: usuarios_id_seq; Type: SEQUENCE; Schema: public; Owner: admin
--

ALTER TABLE public.usuarios ALTER COLUMN id ADD GENERATED BY DEFAULT AS IDENTITY (
    SEQUENCE NAME public.usuarios_id_seq
    START WITH 1
    INCREMENT BY 1
    NO MINVALUE
    NO MAXVALUE
    CACHE 1
);


--
-- Name: comentarios id; Type: DEFAULT; Schema: public; Owner: admin
--

ALTER TABLE ONLY public.comentarios ALTER COLUMN id SET DEFAULT nextval('public.comentarios_id_seq'::regclass);


--
-- Name: libros id; Type: DEFAULT; Schema: public; Owner: admin
--

ALTER TABLE ONLY public.libros ALTER COLUMN id SET DEFAULT nextval('public.libros_id_seq'::regclass);


--
-- Name: posts id; Type: DEFAULT; Schema: public; Owner: admin
--

ALTER TABLE ONLY public.posts ALTER COLUMN id SET DEFAULT nextval('public.posts_id_seq'::regclass);


--
-- Data for Name: amigos; Type: TABLE DATA; Schema: public; Owner: admin
--

COPY public.amigos (id_emisor, id_receptor, fecha) FROM stdin;
1	2	2022-11-29
3	1	2022-11-29
1	4	2022-11-29
5	1	2022-11-29
1	6	2022-11-29
2	6	2022-11-29
4	2	2022-11-29
6	3	2022-11-29
5	4	2022-11-29
5	3	2022-11-29
\.


--
-- Data for Name: biblioteca; Type: TABLE DATA; Schema: public; Owner: admin
--

COPY public.biblioteca (id_libro, id_usuario) FROM stdin;
1	2
2	2
1	1
\.


--
-- Data for Name: comentarios; Type: TABLE DATA; Schema: public; Owner: admin
--

COPY public.comentarios (id, contenido, fecha_creacion, id_autor) FROM stdin;
1	Contenido del comentario en el post 1	2022-02-21	3
2	contenido del comentario en el post 2	2022-02-21	4
\.


--
-- Data for Name: libros; Type: TABLE DATA; Schema: public; Owner: admin
--

COPY public.libros (id, autor, "año_publicacion", nombre) FROM stdin;
1	J.K. Rowling	2001-11-23 00:00:00	harrypotter 1
2	J.K. Rowling	2002-11-29 00:00:00	harrypotter 2
\.


--
-- Data for Name: posts; Type: TABLE DATA; Schema: public; Owner: admin
--

COPY public.posts (id, titulo, contenido, fecha_creacion, id_autor, id_libro) FROM stdin;
1	Titulo de esta publicacion	descripcion de esta publicacion	2022-02-20	1	1
2	Titulo de esta publicacion	descripcion de esta publicacion	2022-02-21	1	2
\.


--
-- Data for Name: usuarios; Type: TABLE DATA; Schema: public; Owner: admin
--

COPY public.usuarios (id, apellidos, email, nombre, telefono) FROM stdin;
1	guerrero	luis@correo.com	luis	45613213
2	perez	juan@correo.com	juan	526263326
3	lopez	jose@correo.com	jose	154654654
4	garcia	maria@correo	Maria	564984321
5	ascencio	eduardo@correo.com	Eduaro	698798
6	Guzman	jorge@correo.com	jorge	5689744
\.


--
-- Name: comentarios_id_seq; Type: SEQUENCE SET; Schema: public; Owner: admin
--

SELECT pg_catalog.setval('public.comentarios_id_seq', 2, true);


--
-- Name: libros_id_seq; Type: SEQUENCE SET; Schema: public; Owner: admin
--

SELECT pg_catalog.setval('public.libros_id_seq', 2, true);


--
-- Name: posts_id_seq; Type: SEQUENCE SET; Schema: public; Owner: admin
--

SELECT pg_catalog.setval('public.posts_id_seq', 2, true);


--
-- Name: usuarios_id_seq; Type: SEQUENCE SET; Schema: public; Owner: admin
--

SELECT pg_catalog.setval('public.usuarios_id_seq', 6, true);


--
-- Name: biblioteca biblioteca_pkey; Type: CONSTRAINT; Schema: public; Owner: admin
--

ALTER TABLE ONLY public.biblioteca
    ADD CONSTRAINT biblioteca_pkey PRIMARY KEY (id_libro, id_usuario);


--
-- Name: comentarios comentarios_pkey; Type: CONSTRAINT; Schema: public; Owner: admin
--

ALTER TABLE ONLY public.comentarios
    ADD CONSTRAINT comentarios_pkey PRIMARY KEY (id);


--
-- Name: libros libros_pkey; Type: CONSTRAINT; Schema: public; Owner: admin
--

ALTER TABLE ONLY public.libros
    ADD CONSTRAINT libros_pkey PRIMARY KEY (id);


--
-- Name: posts posts_pkey; Type: CONSTRAINT; Schema: public; Owner: admin
--

ALTER TABLE ONLY public.posts
    ADD CONSTRAINT posts_pkey PRIMARY KEY (id);


--
-- Name: usuarios usuarios_pkey; Type: CONSTRAINT; Schema: public; Owner: admin
--

ALTER TABLE ONLY public.usuarios
    ADD CONSTRAINT usuarios_pkey PRIMARY KEY (id);


--
-- Name: amigos amigos_id_emisor_fkey; Type: FK CONSTRAINT; Schema: public; Owner: admin
--

ALTER TABLE ONLY public.amigos
    ADD CONSTRAINT amigos_id_emisor_fkey FOREIGN KEY (id_emisor) REFERENCES public.usuarios(id);


--
-- Name: amigos amigos_id_receptor_fkey; Type: FK CONSTRAINT; Schema: public; Owner: admin
--

ALTER TABLE ONLY public.amigos
    ADD CONSTRAINT amigos_id_receptor_fkey FOREIGN KEY (id_receptor) REFERENCES public.usuarios(id);


--
-- Name: comentarios comentarios_id_autor_fkey; Type: FK CONSTRAINT; Schema: public; Owner: admin
--

ALTER TABLE ONLY public.comentarios
    ADD CONSTRAINT comentarios_id_autor_fkey FOREIGN KEY (id_autor) REFERENCES public.usuarios(id);


--
-- Name: biblioteca fk_id_libro; Type: FK CONSTRAINT; Schema: public; Owner: admin
--

ALTER TABLE ONLY public.biblioteca
    ADD CONSTRAINT fk_id_libro FOREIGN KEY (id_libro) REFERENCES public.libros(id);


--
-- Name: biblioteca fk_id_usuario; Type: FK CONSTRAINT; Schema: public; Owner: admin
--

ALTER TABLE ONLY public.biblioteca
    ADD CONSTRAINT fk_id_usuario FOREIGN KEY (id_usuario) REFERENCES public.usuarios(id);


--
-- Name: posts posts_id_autor_fkey; Type: FK CONSTRAINT; Schema: public; Owner: admin
--

ALTER TABLE ONLY public.posts
    ADD CONSTRAINT posts_id_autor_fkey FOREIGN KEY (id_autor) REFERENCES public.usuarios(id);


--
-- Name: posts posts_id_libro_fkey; Type: FK CONSTRAINT; Schema: public; Owner: admin
--

ALTER TABLE ONLY public.posts
    ADD CONSTRAINT posts_id_libro_fkey FOREIGN KEY (id_libro) REFERENCES public.libros(id);


--
-- PostgreSQL database dump complete
--